seg_id,time_to_failure
seg_00030f,5.424631
seg_0012b5,5.6984673
seg_00184e,5.698063
seg_003339,5.6929626
seg_0042cc,5.6235075
seg_004314,5.5443344
seg_004cd2,5.695217
seg_004ee5,5.6070957
seg_004f1f,5.703849
seg_00648a,5.6486683
seg_006e4a,5.689911
seg_007a37,5.6787977
seg_00a37e,5.716304
seg_00be11,5.5482693
seg_00c35b,4.969495
seg_00cc91,5.6960077
seg_00e5f7,5.6992235
seg_00f3b9,5.7078905
seg_010eab,5.6918736
seg_0125d9,5.695731
seg_0144cb,5.694833
seg_0165c6,5.695153
seg_016913,5.7144833
seg_016cdb,5.6994524
seg_017314,5.7050858
seg_01a8dc,5.684202
seg_01c775,5.6946373
seg_01ecb0,5.558956
seg_02042f,5.6510506
seg_025e78,5.6972027
seg_032822,5.713937
seg_0339ca,5.5537233
seg_037461,5.549179
seg_038879,5.695654
seg_03d386,5.70065
seg_03d63e,5.6267805
seg_03d680,5.6907797
seg_03f380,5.7142744
seg_0445d7,5.394349
seg_046c28,5.366602
seg_0488a1,5.587821
seg_049957,5.6923313
seg_04a696,5.691184
seg_04ae38,5.6549206
seg_04b87a,5.414838
seg_04cceb,5.5975637
seg_04ee93,5.6929846
seg_04fd93,5.6997366
seg_0536c9,5.5851927
seg_055127,5.6079006
seg_05a1b0,5.6964846
seg_05a4ad,5.61038
seg_05b66a,5.6869783
seg_05bef4,5.671032
seg_05e0d7,5.6600285
seg_05f126,5.1429625
seg_05f9d6,5.713475
seg_060ce4,5.6378183
seg_061a33,5.6920843
seg_0620e6,5.565262
seg_063865,5.617092
seg_065588,5.4247875
seg_06893f,5.694783
seg_06b8c9,5.6460943
seg_06bbc5,5.5900354
seg_06d4a2,5.5485287
seg_06d7ba,5.681468
seg_070bb0,5.4336376
seg_071067,5.679637
seg_073696,5.637001
seg_075340,5.7084894
seg_075f77,5.3950977
seg_0775a7,5.576936
seg_077b7e,5.6845675
seg_079e34,5.6672983
seg_07c815,5.7043896
seg_07cd72,5.700876
seg_07f37c,5.702362
seg_07f8df,5.7033634
seg_07fc6d,5.648879
seg_086a61,5.7005053
seg_0870ab,5.6954765
seg_0879a8,5.6904163
seg_08b136,5.689575
seg_08f441,5.7174273
seg_08fd5b,5.368866
seg_091c9d,5.685672
seg_093a0a,5.6743097
seg_0968f1,5.6369963
seg_0981f3,5.707141
seg_09dd59,5.694812
seg_09ed4e,5.694585
seg_09f0ff,5.7117176
seg_0a0fbb,5.6921177
seg_0a1bd0,5.511283
seg_0a42ba,5.70378
seg_0a45a1,5.5733175
seg_0a97c4,5.698781
seg_0aa0fb,5.694564
seg_0b07c7,5.706978
seg_0b082e,5.6887236
seg_0b32f7,5.6796017
seg_0b3b94,5.6942873
seg_0b48c4,5.6916513
seg_0b4b24,5.6931686
seg_0b54ac,5.703415
seg_0b76f5,5.500578
seg_0b9ad8,5.713689
seg_0b9ba3,5.6361494
seg_0ba210,5.696845
seg_0ba585,5.6907425
seg_0bb5fd,5.5763235
seg_0bc877,5.337205
seg_0be6ee,5.676899
seg_0c12cc,5.7122
seg_0c1d3a,5.5574627
seg_0c247b,5.6619205
seg_0c3943,5.5907774
seg_0c4e31,5.6542854
seg_0c74cf,5.6785183
seg_0c8502,5.7025843
seg_0c89ce,5.695695
seg_0c9aa8,5.5682964
seg_0cb81b,5.6967106
seg_0cca14,5.678626
seg_0cdcc8,5.702446
seg_0cf651,5.707531
seg_0d0250,5.690711
seg_0d04b9,5.697626
seg_0d13a7,5.704483
seg_0d434c,5.693221
seg_0d540e,5.646723
seg_0d663a,5.0291214
seg_0d6d68,5.6883535
seg_0d762e,5.687293
seg_0d833c,5.677208
seg_0dae4b,5.5501804
seg_0dc38f,5.7021904
seg_0dcc40,5.698838
seg_0df469,5.646845
seg_0df75c,5.6995096
seg_0dfe8c,5.706442
seg_0e1370,5.583804
seg_0e1fbe,5.6797724
seg_0e3739,5.6696787
seg_0e3d44,5.644759
seg_0e3ed2,5.6874647
seg_0e4833,5.4492054
seg_0e7cc5,5.675023
seg_0e8b79,5.6944656
seg_0e9987,5.6735334
seg_0e9bb3,5.5681477
seg_0eb333,5.606287
seg_0ebfd9,5.3979454
seg_0f565c,5.6877594
seg_0f74a3,5.610137
seg_0f8961,5.6873474
seg_0fc67a,5.7019415
seg_0fca83,5.689439
seg_0fd3ff,5.3943214
seg_1010ad,5.6938868
seg_103b32,5.707308
seg_105cd9,5.682456
seg_1084af,5.682122
seg_10a595,5.5080853
seg_10c09d,5.7043314
seg_10f3a6,5.7064915
seg_112b81,5.693757
seg_1144bc,5.6522226
seg_114b79,5.709817
seg_115617,5.641947
seg_115a92,5.708623
seg_11647f,5.696597
seg_117278,5.689102
seg_117ff4,5.6857796
seg_11860f,5.6126776
seg_1201e8,5.665455
seg_121446,5.345623
seg_121cba,5.558631
seg_122ba9,5.703988
seg_123dd4,5.700136
seg_12ac20,5.706932
seg_12b9ba,5.70312
seg_12ee6e,5.5707836
seg_130e17,5.714223
seg_13468a,5.6899605
seg_136285,5.6898212
seg_136695,5.6899776
seg_137f8a,5.6848392
seg_138807,5.7061768
seg_13c2f0,5.7085524
seg_13e25f,5.694518
seg_140bc5,5.709134
seg_141f34,5.545126
seg_146926,5.688919
seg_148698,5.7115107
seg_14ad27,5.621724
seg_14c054,5.669983
seg_14c371,5.620145
seg_14c435,5.6743374
seg_14c89d,5.6945925
seg_14c8ce,5.6996593
seg_14d1d3,5.693248
seg_14f5f0,5.6904
seg_151368,5.685588
seg_151d92,5.691675
seg_153d6a,5.670431
seg_154361,5.685541
seg_1562cb,5.6991434
seg_158691,5.6924257
seg_158764,5.685663
seg_15adff,5.6420374
seg_15bf25,5.3974075
seg_15c9f9,5.6185503
seg_161aeb,5.6938906
seg_161f5f,5.5499496
seg_162fc4,5.7032156
seg_16566c,5.6237144
seg_166f70,5.6927166
seg_168d1c,5.679509
seg_16a270,5.575877
seg_16c3a7,5.6892815
seg_17067e,5.681755
seg_170684,5.625904
seg_170a0c,5.6845636
seg_176542,5.693038
seg_17799c,5.6644907
seg_179d90,5.700012
seg_17adc0,5.418582
seg_17d1ff,5.575094
seg_17e596,5.671344
seg_180481,4.8822365
seg_18096a,5.567281
seg_1815fe,5.6887827
seg_1827c5,5.6917467
seg_184222,5.647953
seg_185ad6,5.7062683
seg_18d1d0,5.693269
seg_18d307,5.57885
seg_18f633,5.3450155
seg_18f853,5.6968575
seg_18fb65,5.5392284
seg_193404,5.688284
seg_19515c,5.6778307
seg_195eda,5.6052866
seg_1969c8,5.701576
seg_19b08e,5.6527443
seg_19b9dd,5.688616
seg_19e1ff,5.702305
seg_19ec5c,5.694195
seg_1a0e94,5.6890354
seg_1a0eca,5.6987143
seg_1a671a,5.5588875
seg_1a791c,5.6855507
seg_1a8e06,5.4025135
seg_1a8f0d,5.698926
seg_1a8f2c,5.715481
seg_1abcaf,5.5761423
seg_1ac9e2,5.680314
seg_1ae362,5.693218
seg_1afa29,5.537575
seg_1b08a4,5.6947603
seg_1b1ad8,5.277199
seg_1b2298,5.68857
seg_1b78af,5.685384
seg_1baf33,5.289563
seg_1bd38e,5.66175
seg_1bf7b3,5.679763
seg_1c401b,5.5418034
seg_1c4c5b,5.4517546
seg_1c4e72,5.690645
seg_1c849d,5.688796
seg_1c904f,5.56441
seg_1c929e,5.6935253
seg_1cb942,5.7040167
seg_1cd352,5.6910725
seg_1cf1b5,4.8781786
seg_1d044c,5.534521
seg_1d11e5,5.7020597
seg_1d596d,5.692829
seg_1d980f,5.676488
seg_1da819,5.6931925
seg_1db443,5.685913
seg_1db8e8,5.6996775
seg_1dec9c,5.708394
seg_1e0523,5.7068615
seg_1e0b82,5.720376
seg_1e572b,5.6933537
seg_1e617a,5.7018576
seg_1e61d6,5.694952
seg_1e677e,5.7070208
seg_1eae76,5.718157
seg_1ebe6b,5.6809654
seg_1ece48,5.6859064
seg_1eeb8f,5.4731464
seg_1ef708,5.4138603
seg_1f1e60,5.701153
seg_1f3d44,5.6835213
seg_1f3ede,5.708107
seg_1f5240,5.6844015
seg_1f7cf8,5.6983976
seg_1f9aed,5.6018457
seg_1fa983,5.686346
seg_1fc7ab,5.566017
seg_1fe311,5.6942186
seg_2005a7,5.6943274
seg_2018c8,5.6973877
seg_204dc6,5.384593
seg_208ba5,5.6826963
seg_2099f4,5.693465
seg_20a990,5.693965
seg_20b8d0,5.695156
seg_20cbac,5.7132845
seg_20cc25,5.7086735
seg_20d9de,5.691186
seg_20e9ad,5.708996
seg_210388,5.3974457
seg_211299,5.705905
seg_211486,5.6951475
seg_214492,5.683137
seg_217eed,5.704033
seg_218049,5.712702
seg_21eebb,5.691882
seg_21faa9,5.6745243
seg_222c5f,5.625642
seg_225320,5.6946173
seg_226e60,5.692746
seg_229eda,5.708598
seg_22e509,5.700431
seg_2313d1,5.709237
seg_232559,5.55352
seg_23323e,5.7070293
seg_2367fb,5.70228
seg_238242,5.3725033
seg_2383c2,5.465452
seg_2396a2,5.0738134
seg_23b123,5.6860914
seg_23bdf9,5.7008724
seg_23c947,5.691086
seg_23efb0,5.6935577
seg_23f823,5.314822
seg_23fe27,5.4675264
seg_241266,5.719902
seg_24157a,5.478797
seg_24458d,5.6927166
seg_2465ce,5.6920986
seg_247262,5.69137
seg_24ba8d,5.6986074
seg_24c078,5.710433
seg_24c1c9,5.703664
seg_24e071,5.693177
seg_24f338,5.689291
seg_257b8a,5.6672106
seg_2597af,5.688925
seg_259c63,5.54537
seg_259d65,5.4267683
seg_259dd3,5.6712284
seg_25aa9f,5.7091236
seg_25ab3f,5.6978025
seg_25b38a,5.6941147
seg_25c8dc,5.686116
seg_25cca7,5.6992664
seg_25e76d,4.36979
seg_26049e,5.693205
seg_263deb,5.7155924
seg_263fb3,5.7188015
seg_2642d0,5.6902666
seg_2642d4,5.547888
seg_264c7d,5.6992807
seg_266805,5.7006636
seg_266c6e,5.6821795
seg_266d4e,5.694148
seg_268249,5.45267
seg_268625,5.6540184
seg_268956,5.5493803
seg_26a2a0,5.695653
seg_26cba3,5.702837
seg_26edaa,5.694251
seg_2700bd,5.2978754
seg_272a47,5.372077
seg_274a1a,5.7145586
seg_2774c4,5.68993
seg_279725,5.695552
seg_27a282,5.68777
seg_27b7c8,5.6853065
seg_27db4d,5.6981754
seg_27de37,5.6863203
seg_27f532,5.7024765
seg_27ff17,5.703988
seg_280863,5.615718
seg_280e3b,5.6288013
seg_284223,5.6801615
seg_284923,5.628989
seg_287e60,5.685938
seg_287fef,5.4549046
seg_288001,5.7200613
seg_2883ec,5.1516676
seg_289d99,5.0998955
seg_28fc32,5.6556892
seg_29022f,5.684867
seg_2916e3,5.701936
seg_293dbf,5.67811
seg_293dc2,5.7013426
seg_29475f,5.6495247
seg_295b1c,5.499772
seg_2977cd,5.7187614
seg_29a073,5.6712523
seg_29acb7,5.686322
seg_29c772,5.6722527
seg_29c906,5.691989
seg_29d497,5.495366
seg_29d4c6,5.7204437
seg_29e799,5.6952343
seg_2a0ace,5.6906614
seg_2a0afc,5.710821
seg_2a0dc0,5.675557
seg_2a2f1e,5.6907234
seg_2a4551,5.579603
seg_2a6343,5.6889677
seg_2a8351,5.651783
seg_2aa101,5.3794165
seg_2abd33,5.406864
seg_2b2cb3,5.7006054
seg_2b372b,5.6103764
seg_2b4959,5.6923847
seg_2b6d52,5.6743975
seg_2ba79a,5.388379
seg_2bcbde,5.6861286
seg_2be983,5.6730976
seg_2bf5be,5.697212
seg_2bf9dd,5.653331
seg_2c3203,5.560691
seg_2c5e9f,5.644562
seg_2c6011,5.128419
seg_2c69e4,5.7001114
seg_2c762c,5.6189146
seg_2cac57,5.688447
seg_2cadc0,5.708267
seg_2cdbe3,5.6514044
seg_2d3828,5.7110376
seg_2d402d,5.6145782
seg_2d427f,5.556321
seg_2d5544,5.6896334
seg_2d7cc4,5.705497
seg_2d92f0,5.595581
seg_2db7dc,5.6929255
seg_2dc6ff,5.0693197
seg_2dccec,5.642124
seg_2dcd3a,5.441622
seg_2dcd84,5.685273
seg_2dfb91,5.696616
seg_2e2372,5.6274376
seg_2e50fb,5.699582
seg_2e64af,5.717452
seg_2e71dd,5.581442
seg_2e88dd,5.6336927
seg_2e917f,5.6903124
seg_2e9a47,5.6835995
seg_2ea616,5.584878
seg_2eccb9,5.451913
seg_2ece02,5.6870146
seg_2ed79b,5.642164
seg_2eddf6,5.713006
seg_2ee95c,5.4985456
seg_2efd5c,5.6979446
seg_2f1664,5.695018
seg_2f4f14,5.693102
seg_2f5695,5.579981
seg_2f60db,5.704199
seg_2f86cd,5.2502193
seg_2f8e19,5.6097775
seg_2f8f6d,5.6955795
seg_2f9336,5.7150555
seg_2f9581,5.709194
seg_2fb672,5.7076235
seg_2fe382,5.6933537
seg_301c1e,5.6841164
seg_30207d,5.7051163
seg_304581,5.6994905
seg_304b87,5.3387613
seg_304df5,5.683798
seg_30501b,5.701311
seg_3065ba,5.7097445
seg_30661b,5.7005167
seg_306756,5.711233
seg_30ad2a,5.687374
seg_30b043,5.691229
seg_30da11,5.7232714
seg_30fd84,5.707988
seg_310230,5.687991
seg_31064b,5.584691
seg_311499,5.6883307
seg_311b5e,5.6930294
seg_3128e6,5.70329
seg_3151ff,5.7076626
seg_31631c,5.6895294
seg_316f86,5.607977
seg_318135,5.709543
seg_31a51f,5.687496
seg_31a6cd,5.6753664
seg_31b808,5.691246
seg_31c0f4,5.710781
seg_31d763,5.3388824
seg_31d7bf,5.699396
seg_31d810,4.688385
seg_31ddc5,5.6971674
seg_3234ca,5.717922
seg_324447,5.6838465
seg_324537,5.32355
seg_325790,5.7077837
seg_326eb7,5.701269
seg_327ed4,4.764408
seg_32906d,5.557687
seg_32ad0f,5.710387
seg_32c904,5.196377
seg_32d747,5.675785
seg_32e763,5.5780144
seg_32f3a9,5.507204
seg_32f6df,5.7012863
seg_32f72d,5.5596733
seg_32fc4e,5.6757164
seg_330579,5.6487665
seg_3319b5,5.689913
seg_331f2b,5.7104893
seg_3340b9,5.5869217
seg_335170,5.678651
seg_337b8c,5.6806307
seg_339f80,5.6927767
seg_33c30d,5.691633
seg_342ce6,5.6191587
seg_343571,5.637559
seg_3452b2,5.692067
seg_34a2b8,5.5456095
seg_34a8f7,5.6970396
seg_34abd2,5.6630487
seg_34ef79,5.6979084
seg_3506d6,5.699095
seg_35269b,5.6734514
seg_355717,5.256625
seg_355d19,5.6969957
seg_35a2d7,5.6813965
seg_35b009,5.690832
seg_35b753,5.4795456
seg_35ba8f,5.6690683
seg_35c587,5.690939
seg_35dd45,5.6724434
seg_35ee83,5.6932297
seg_36147d,5.692848
seg_361f5a,5.713443
seg_3631ec,5.696707
seg_3661de,5.120598
seg_369570,5.426092
seg_36b77f,5.6337967
seg_36e32d,5.706067
seg_3706be,5.4519005
seg_373a04,5.562546
seg_373ba6,5.69376
seg_37608b,5.6036224
seg_3761d0,5.3371058
seg_37669c,5.378356
seg_376908,5.3863554
seg_377134,5.6636086
seg_3788c5,5.685643
seg_37bf85,5.4620514
seg_37f3fb,5.6504383
seg_38001b,5.435234
seg_383b6b,5.712701
seg_383f2e,5.7066374
seg_3865bc,5.6960306
seg_3878d0,5.4499264
seg_389906,5.7139807
seg_38ad16,5.703964
seg_38ee24,5.4123573
seg_392019,5.5865345
seg_39300d,5.7234497
seg_395e0e,5.6863375
seg_397983,5.6696243
seg_397dc9,5.686285
seg_398a25,5.710434
seg_39a886,5.595047
seg_39ad50,5.3145294
seg_3a1600,4.9101877
seg_3a22ac,5.444936
seg_3a80c5,5.694292
seg_3a8a76,5.586853
seg_3aca44,5.7171392
seg_3adb1a,5.6204834
seg_3ae4d9,5.701662
seg_3af649,5.689867
seg_3b2013,5.698553
seg_3b30fd,5.706336
seg_3b4414,5.4188156
seg_3b7175,5.4430037
seg_3b7724,5.715124
seg_3b95d2,5.6768236
seg_3b95dc,5.698037
seg_3ba485,5.6997833
seg_3bb90a,5.701396
seg_3bc9ed,5.62136
seg_3bd97e,5.6877413
seg_3bf9ac,5.5959854
seg_3bfcf6,5.627385
seg_3c3ddf,5.6582193
seg_3c4106,5.2139587
seg_3c64fb,5.6881723
seg_3c8545,5.453512
seg_3cba49,5.099581
seg_3cbccf,5.599085
seg_3ce740,5.678486
seg_3cfb73,5.695776
seg_3d059a,5.708294
seg_3d06cc,4.9396276
seg_3d19fc,5.6122475
seg_3d1cb3,5.5506916
seg_3d1f2e,5.687768
seg_3d581c,4.761712
seg_3d6aac,5.7006483
seg_3d6e79,5.7082634
seg_3d9aa0,5.6530447
seg_3db0a8,5.7110043
seg_3e00cd,5.6967106
seg_3e55d5,5.7080984
seg_3e87b4,5.6822586
seg_3ec967,5.71964
seg_3edf51,5.2819567
seg_3f2086,5.6972284
seg_3f3689,5.6875772
seg_3f3983,5.6065216
seg_3f5be6,5.690178
seg_3f80ef,5.6902475
seg_3f99c8,5.696267
seg_3fb24b,5.541115
seg_3fc7ca,5.6947927
seg_3fdae0,5.6219273
seg_407b2b,5.715163
seg_40b3aa,5.669676
seg_40f810,5.6980886
seg_411225,5.699169
seg_414d0f,5.67033
seg_4185b3,5.6928835
seg_419531,5.6937838
seg_419b2a,5.7139397
seg_41a267,5.687422
seg_41aadc,5.6212683
seg_41ab7e,5.221039
seg_41be18,5.5758886
seg_41be7d,5.691801
seg_41f45e,5.6909637
seg_420bcc,5.7035627
seg_420d4e,5.5939817
seg_421a96,5.6588173
seg_421da1,5.3031836
seg_423ebe,5.710684
seg_425462,5.6905413
seg_42648c,5.673045
seg_4280d9,5.695197
seg_428d66,5.710026
seg_42c4c9,5.712531
seg_42e7e8,5.686987
seg_42ff14,5.6853695
seg_430e66,5.6753254
seg_43383f,5.5612764
seg_434c96,5.68581
seg_43597f,5.692005
seg_43c6f4,5.706312
seg_440106,5.668869
seg_4401d8,5.3500166
seg_441c6d,5.714883
seg_4435bd,5.6432333
seg_447972,5.684598
seg_447b8b,5.6967506
seg_447cb3,5.6830997
seg_44d3ca,5.6823606
seg_455b16,5.7075186
seg_456149,5.6897755
seg_457234,5.208147
seg_45838b,5.6897783
seg_4587bb,5.4938755
seg_45a8a9,5.3071575
seg_45b051,4.6768694
seg_45e062,5.688719
seg_45e4ed,5.7043667
seg_45e7ad,5.4356813
seg_46012e,5.6626387
seg_460436,5.685749
seg_461ab5,5.704735
seg_461b63,5.6452074
seg_462c1d,5.3626966
seg_464839,5.6930046
seg_468bc9,5.6476355
seg_468fdb,5.602997
seg_46a42b,5.6449223
seg_46b84d,5.646269
seg_46c6d3,5.6836004
seg_46dd7c,5.544361
seg_4729a7,5.7035513
seg_4743ab,5.702485
seg_4743fa,5.7038107
seg_476700,5.7008123
seg_476bdb,5.371582
seg_477c83,5.698737
seg_478327,5.7149315
seg_47a48f,5.6977234
seg_47d374,5.570815
seg_47fed6,5.693451
seg_482745,5.6977787
seg_4848e3,5.6908064
seg_484901,5.680957
seg_486973,5.691944
seg_48a4b3,5.6995745
seg_48a80c,5.696294
seg_48b545,5.698288
seg_48feba,5.7079906
seg_490092,5.704092
seg_490d6e,5.694498
seg_492dc6,5.6969814
seg_49322d,5.317375
seg_49336f,5.6860485
seg_495573,4.9367914
seg_496d07,5.6265554
seg_496dad,5.3621044
seg_49b0cb,5.702715
seg_49d84b,5.697981
seg_49fdf0,5.6913204
seg_4a2525,5.665189
seg_4a6096,5.587392
seg_4a719c,5.668393
seg_4a91a9,5.551053
seg_4a9e6b,5.699772
seg_4a9e8d,4.797847
seg_4ab7bf,5.692767
seg_4abc29,4.997176
seg_4acc4b,5.6946907
seg_4ad5a2,5.6898518
seg_4ad674,5.6882505
seg_4adeda,5.689498
seg_4ae37c,5.700577
seg_4ae712,5.6083393
seg_4b0839,5.398943
seg_4b4c91,5.699071
seg_4b4ffb,5.706438
seg_4b8044,5.69081
seg_4b953a,5.698572
seg_4ba3d1,5.7018385
seg_4c067a,5.700781
seg_4c12b2,5.6881304
seg_4c18e2,5.428402
seg_4c3a2b,5.7116547
seg_4c4995,5.366007
seg_4c65e6,5.692439
seg_4c8db6,5.4300404
seg_4ca6de,5.492238
seg_4cb0d7,5.6881485
seg_4cb9c6,5.6861506
seg_4ce234,5.698015
seg_4d0008,5.6931677
seg_4d0041,5.6157074
seg_4d0c45,5.6907005
seg_4d18f4,5.685957
seg_4d2671,5.5630407
seg_4d53c2,5.5144663
seg_4d5a4a,5.72351
seg_4d7c56,5.690748
seg_4d8f0f,5.69812
seg_4db886,5.6810064
seg_4db997,5.712495
seg_4dbbd1,5.6698837
seg_4ddddc,5.688796
seg_4dfa03,5.677721
seg_4e0c4a,5.701705
seg_4e2c66,5.701315
seg_4e3bd7,5.6958494
seg_4e627b,5.722006
seg_4e9646,5.6567936
seg_4ea3fa,4.9915733
seg_4ea81c,5.7011957
seg_4eb127,5.7034817
seg_4eeaef,5.690819
seg_4eef28,5.3927984
seg_4f48b4,5.5606976
seg_4f5931,5.7069807
seg_4f76a2,5.7204266
seg_4f83a3,5.6904926
seg_4fa87d,5.6217976
seg_4fce5b,5.5659733
seg_4fd191,5.6838417
seg_500108,5.696
seg_5009d9,5.1014376
seg_500c80,5.2662745
seg_502fab,5.711487
seg_507065,5.586396
seg_5090fa,5.5504684
seg_509d55,5.6939583
seg_50a667,5.7176313
seg_50b048,5.6518116
seg_50e270,5.6430016
seg_511d25,5.6695538
seg_512b3e,5.6791105
seg_514543,5.354643
seg_5147e1,5.6897764
seg_514b85,5.4058332
seg_5165a4,5.7001505
seg_517345,5.683896
seg_517425,5.599846
seg_51865e,5.332304
seg_518b1e,5.7167425
seg_51b68c,5.648038
seg_51f0a2,5.693304
seg_51f6fd,5.7180977
seg_521a88,5.1540613
seg_523945,5.5807953
seg_524b39,5.442789
seg_5254ce,5.7065964
seg_5255c0,5.454482
seg_52636c,5.6952467
seg_529be4,5.397374
seg_529c99,5.6928787
seg_52c139,5.6764374
seg_530a02,5.710802
seg_53103b,5.6639357
seg_5311d1,5.7161264
seg_533613,5.509901
seg_53498a,5.6727543
seg_53a557,5.701502
seg_53a5fd,5.696126
seg_53bdf5,5.7153873
seg_53caf1,5.700696
seg_53d818,5.696683
seg_53e645,5.691704
seg_53fa13,5.7127247
seg_5407b0,5.691044
seg_5445bc,5.7116404
seg_54490e,5.581622
seg_545fda,5.486902
seg_5467c8,5.395177
seg_546864,5.7001324
seg_5470ca,5.706856
seg_5495ca,5.6978483
seg_54af0d,5.491623
seg_54b0ee,5.577857
seg_54d0f3,5.046239
seg_55239a,5.7197704
seg_552b8e,5.5427427
seg_5559d9,5.5773697
seg_555f63,5.703575
seg_5597ed,5.717805
seg_55a0c3,5.699052
seg_55a9a4,5.7052603
seg_55b566,5.662464
seg_55d50b,5.597888
seg_561cf4,5.702677
seg_563059,5.6947155
seg_5639b3,5.692425
seg_566efe,5.6750116
seg_56e3e7,5.695754
seg_56e6f1,5.692297
seg_56ebc7,5.6523266
seg_570a20,4.971715
seg_570d69,5.683485
seg_572172,5.6829424
seg_5759c9,5.4429884
seg_5765b6,5.6812344
seg_578e84,5.7029686
seg_57908c,5.7023134
seg_57b6c0,5.5864325
seg_57dd68,5.686021
seg_57ea44,5.7104874
seg_580b65,5.5811014
seg_581fac,5.6905575
seg_585872,5.7101936
seg_586726,5.496907
seg_586c0f,5.700755
seg_5887a8,5.7080154
seg_588f61,5.5555
seg_58d52d,4.364382
seg_58e74b,5.096012
seg_58e9f9,5.7104416
seg_58ea74,5.68421
seg_59058a,5.0568676
seg_590fa5,5.5876427
seg_591954,5.704853
seg_5924f5,5.6770267
seg_592807,5.695428
seg_593c34,5.6851463
seg_5965d8,5.7104235
seg_596ae3,5.694974
seg_5975f4,5.694577
seg_597bd6,5.6328278
seg_59818b,5.685794
seg_59cd7d,5.704113
seg_59cfdb,5.671973
seg_59d484,5.696643
seg_59de0b,5.693898
seg_59e1db,5.4384155
seg_59eb97,5.6827984
seg_5a0479,5.69372
seg_5a1adb,5.703001
seg_5a242e,5.6610136
seg_5a67b5,5.4214106
seg_5a947e,5.316827
seg_5abfdd,5.7003794
seg_5ad847,5.703905
seg_5b392b,5.6671114
seg_5b7325,5.6921473
seg_5b8c39,5.6864347
seg_5bc0b0,5.4975634
seg_5bd9ae,5.5696497
seg_5bdb47,5.27425
seg_5bfbf0,5.562134
seg_5c0929,5.6334324
seg_5c1a4d,5.487849
seg_5c530f,5.7095346
seg_5c57a8,5.6972504
seg_5c8ae5,5.69322
seg_5c9077,5.3491373
seg_5cd98b,5.703617
seg_5cde88,5.643157
seg_5cfba9,5.70726
seg_5cfdc4,5.36786
seg_5d333e,5.4949923
seg_5d45db,5.69178
seg_5d92af,5.535348
seg_5d94b2,5.690715
seg_5e020f,5.3923388
seg_5e0902,5.6446505
seg_5e1bba,5.7185946
seg_5e541f,5.2709913
seg_5e635a,5.601863
seg_5e668a,5.69341
seg_5e70a7,5.681575
seg_5e7abf,5.398199
seg_5e8ef4,5.6889124
seg_5eb380,5.703126
seg_5ec0e3,5.5679083
seg_5ed47e,5.689537
seg_5ef47e,5.6885157
seg_5f0a92,5.7127657
seg_5f24d3,5.692133
seg_5f352e,5.5962734
seg_5f355e,5.7016068
seg_5f46a5,5.684581
seg_5f7fd9,5.6829395
seg_5fe414,5.546298
seg_60277f,5.704052
seg_6074f9,5.6213675
seg_607559,5.6945133
seg_60ab20,5.690569
seg_60b696,5.65405
seg_60dacd,5.694949
seg_60df2a,5.504238
seg_610379,5.7084846
seg_61219c,5.6944046
seg_613702,5.6962185
seg_614b50,5.6939173
seg_6153ca,5.5883102
seg_6167f0,5.6982203
seg_616c8b,5.7030163
seg_61b50d,5.642087
seg_61f504,5.6964912
seg_620ee4,5.710861
seg_622e9d,5.2794046
seg_62331a,5.6898317
seg_6262c4,5.696063
seg_629822,5.7012625
seg_62a403,5.4065523
seg_62c582,5.5638304
seg_63130f,5.700737
seg_633651,5.6759863
seg_634180,5.684434
seg_634f05,5.5660706
seg_635770,5.7084064
seg_63582a,5.6664925
seg_63c13d,5.711606
seg_63c518,5.37648
seg_63c8e4,4.6865883
seg_63c983,5.544772
seg_63c9a3,5.5928936
seg_63d651,5.6891365
seg_6422d1,5.691106
seg_643d1f,5.391408
seg_643f86,5.7160273
seg_64bcb9,5.695503
seg_64be5d,5.697668
seg_64be91,5.702236
seg_64daae,5.657913
seg_64dcf0,5.6669645
seg_64f8dc,5.684472
seg_650de2,5.6526213
seg_651808,5.5963717
seg_652cc2,5.6951113
seg_655780,5.655692
seg_655ad6,5.67729
seg_655cae,5.7059193
seg_658bf4,5.6661406
seg_659ff8,5.6965885
seg_65b962,5.711153
seg_65c4e1,5.7060137
seg_65ef95,5.354026
seg_65f01e,5.37693
seg_65fbac,5.6875076
seg_660fe1,5.701667
seg_660fef,5.704857
seg_661629,5.585046
seg_666056,5.556424
seg_6681ee,5.3653765
seg_66820a,5.6996164
seg_6696d0,5.706561
seg_66b7c3,5.641178
seg_66e45a,5.6959553
seg_66ed4d,5.648181
seg_670bde,5.708353
seg_67330f,5.5664263
seg_673c60,5.6921644
seg_67599b,5.6746655
seg_679dd2,5.7040987
seg_67aa76,5.683708
seg_68102c,5.6931963
seg_683ddf,5.7058764
seg_686edc,5.6975193
seg_687a5c,5.455678
seg_68a484,5.694681
seg_68da94,5.3362465
seg_691a72,5.5892887
seg_692e7a,5.5258675
seg_6951e0,5.3098507
seg_695380,5.582077
seg_696621,5.605528
seg_6968c8,5.693022
seg_69787a,5.7082176
seg_69a230,5.5865135
seg_69a53e,5.6999216
seg_69dbad,5.687812
seg_6a05e7,5.674923
seg_6a116b,5.5614033
seg_6a26de,5.6999445
seg_6a45a0,5.6848555
seg_6a4ad1,5.709176
seg_6ab188,5.624756
seg_6ac67a,5.7115593
seg_6ac82a,5.6748667
seg_6ae32d,5.6970005
seg_6b0107,5.6858854
seg_6b2ce0,5.6215487
seg_6b3a9d,5.6752043
seg_6b4e04,5.392564
seg_6b536d,5.68626
seg_6b9511,5.385849
seg_6b9d02,5.702593
seg_6be48e,5.7164745
seg_6c292b,5.6851883
seg_6c309f,5.673808
seg_6c34c2,5.4431114
seg_6c8a45,5.705161
seg_6c909f,5.699728
seg_6cfb76,5.7028236
seg_6d01a3,5.6888895
seg_6d35cd,5.714568
seg_6d36a1,5.691963
seg_6d4109,5.6886444
seg_6d4fa6,5.671899
seg_6d6fad,5.682234
seg_6da1ff,5.550955
seg_6dac5d,5.7053986
seg_6dd0fc,5.6948557
seg_6de4fd,5.669899
seg_6de935,5.3849382
seg_6df48e,5.6890535
seg_6dfab7,5.7002287
seg_6e12ae,5.7055454
seg_6e12ee,5.692354
seg_6e1ee7,5.385828
seg_6e572a,5.6926165
seg_6e5a38,5.670314
seg_6e7f73,5.707591
seg_6e98aa,5.7203054
seg_6eb146,5.690172
seg_6ed49a,5.534918
seg_6edcb8,5.6890535
seg_6eedcc,5.5072384
seg_6f17de,5.717663
seg_6f2222,5.6671305
seg_6f3d90,5.6934023
seg_6f60b2,5.599181
seg_6f650f,5.7064037
seg_6f9a98,5.702301
seg_6fb17f,5.382683
seg_6fc3ef,5.6403275
seg_6fc8b3,5.69252
seg_6fd5bb,5.5877686
seg_7012af,5.6717424
seg_7020c5,5.6865396
seg_702e03,5.70226
seg_703cea,5.6808567
seg_705463,5.695177
seg_708349,5.686198
seg_70991d,5.701461
seg_709b6a,5.706875
seg_709d08,5.701646
seg_70a60e,5.687232
seg_70b375,5.3874807
seg_70be4d,5.6318483
seg_70e891,5.710701
seg_70edf5,5.693552
seg_70fb30,5.7108793
seg_7120ac,5.288354
seg_71238c,5.685918
seg_71348a,5.6969414
seg_715e2c,5.715087
seg_715ff6,5.6908464
seg_7189ca,5.402916
seg_718b53,5.6996756
seg_71936f,5.56798
seg_71b4e0,5.6717405
seg_71b975,5.683342
seg_71c9e9,5.6311235
seg_71f571,5.7088184
seg_7211f1,5.591837
seg_724df9,5.4906187
seg_725772,5.708827
seg_725e84,5.479086
seg_727fc7,5.6848507
seg_72858d,5.6878567
seg_72859b,5.690646
seg_72aba8,5.438608
seg_72b68c,5.698943
seg_72c307,5.534624
seg_72ebda,5.398904
seg_72f40a,5.6121807
seg_730ebe,5.693058
seg_734a88,5.6947803
seg_73565e,5.6856737
seg_735cdd,5.4580784
seg_73858d,5.693694
seg_738be6,5.7060413
seg_739643,5.602889
seg_739679,5.390564
seg_739856,5.698944
seg_739fb0,5.6558046
seg_73ab4a,5.6159296
seg_73b0f7,5.691989
seg_740837,5.6340113
seg_741fc1,5.7043533
seg_74235f,5.655037
seg_7428e7,5.7010527
seg_743775,5.6903563
seg_74537f,5.690199
seg_746d1d,5.689416
seg_7480f4,4.7180023
seg_74b264,5.676607
seg_74b3bd,5.681037
seg_74ce61,5.709984
seg_74d58a,5.6899967
seg_74d8cc,4.8549185
seg_74dda9,5.7024784
seg_74f330,5.6852283
seg_74fcfc,5.7001762
seg_74ffde,5.689599
seg_750244,5.5436926
seg_750c93,5.7048206
seg_750d20,5.6754074
seg_750e7e,5.6974497
seg_75211e,5.6612597
seg_753190,5.7096643
seg_753ba6,5.7091227
seg_7540f3,5.562723
seg_75438e,5.6725616
seg_755d50,5.6893663
seg_75654d,5.704625
seg_758374,5.6936455
seg_758ca4,5.6733294
seg_759fb1,5.7062635
seg_75a878,5.6924114
seg_75c34b,5.414399
seg_75cd6a,5.684205
seg_75dc3e,5.3282175
seg_75e669,5.6904945
seg_75e93c,4.3831596
seg_75eb90,5.696042
seg_75ffc9,5.4140263
seg_760d70,5.7057304
seg_76106f,5.693557
seg_762188,5.7116194
seg_762be4,5.5351458
seg_7630c5,5.6901445
seg_766e42,5.537896
seg_76b76f,5.690571
seg_76c2fa,5.6906414
seg_76d16c,5.650635
seg_76e914,5.1871195
seg_76f1af,5.6836557
seg_76f3f2,5.612954
seg_76f76d,5.6869555
seg_774ad2,5.6878214
seg_77bf79,5.702242
seg_77c546,5.4414616
seg_77db7b,4.251233
seg_77dbe7,5.2986107
seg_77df38,5.693904
seg_77e7bf,5.6943216
seg_77ea14,5.693326
seg_77f9e3,5.694806
seg_77fe77,5.709469
seg_7848f8,5.563099
seg_7862ed,5.424637
seg_786ff6,5.536067
seg_78852d,5.574129
seg_78addc,5.6593323
seg_78d817,5.707061
seg_78db0a,5.602726
seg_78ded2,5.202244
seg_78fc4b,5.558733
seg_790108,5.704813
seg_7949da,5.4442835
seg_79c47a,5.685381
seg_79dc90,5.6618576
seg_79e301,5.566662
seg_7a09ec,5.471957
seg_7a521c,5.7228622
seg_7a5243,5.666072
seg_7a9228,5.5505285
seg_7a9f2b,5.1588135
seg_7aeca4,5.6672525
seg_7b0936,5.5633574
seg_7b2994,5.7073145
seg_7b3017,5.6956387
seg_7b5f90,5.6868715
seg_7bb771,5.677984
seg_7bec10,5.685569
seg_7bf143,5.6536903
seg_7c0376,5.6867313
seg_7c10c1,5.6650314
seg_7c2beb,5.690447
seg_7c2c48,5.6922255
seg_7c6c31,5.6949806
seg_7c88d1,5.674406
seg_7c9433,5.6972
seg_7cb417,5.50984
seg_7cbb45,5.532795
seg_7cd6b1,5.6920147
seg_7cdfe5,5.685685
seg_7ce9cb,5.6137133
seg_7cef95,5.686305
seg_7d17eb,5.7115736
seg_7d2535,5.657976
seg_7d2e57,5.713521
seg_7d65c7,5.6952953
seg_7d718e,5.70615
seg_7d88e3,5.695139
seg_7d994f,5.337862
seg_7ddc30,5.7030535
seg_7df3dd,5.7030554
seg_7e3b3e,5.6829777
seg_7e9eb7,5.4007854
seg_7eb108,5.707323
seg_7ebdc3,5.560297
seg_7ed2dd,5.719695
seg_7ef97b,5.693267
seg_7efdd5,5.712741
seg_7f3ab0,5.713051
seg_7f5b6f,5.691189
seg_7f786b,5.690461
seg_7f93b2,5.6912403
seg_7f9b3a,5.689168
seg_7fa6ec,5.7062664
seg_7fac26,5.687188
seg_7fd3a3,5.597086
seg_7fd6b7,5.710557
seg_80211c,5.6757355
seg_804fb5,5.675576
seg_80622d,5.6956005
seg_807901,5.6924114
seg_80b9b4,5.687049
seg_80fb86,5.71268
seg_812962,5.7019873
seg_812a50,5.695756
seg_813aab,5.662326
seg_814b1f,5.687355
seg_816b7a,5.693144
seg_818382,5.7039356
seg_81a8ea,5.5861807
seg_81bebd,5.6915674
seg_81c1a6,5.68892
seg_81c432,5.6985474
seg_81f798,5.518258
seg_8200d2,5.688017
seg_82303e,5.685397
seg_82316b,5.692415
seg_8244bf,5.5490484
seg_82456a,5.692424
seg_826208,5.69683
seg_827804,5.5738897
seg_827a21,5.699711
seg_827c07,5.7067204
seg_82c138,4.819026
seg_82ce27,5.6684237
seg_82d7b6,5.6938705
seg_830cff,5.0785646
seg_8310ea,5.684807
seg_8324a4,5.6901264
seg_8328f5,5.6918325
seg_832a4d,5.690359
seg_8344ee,5.567872
seg_8353f5,5.6814117
seg_836aac,5.7054367
seg_836ef0,5.1185846
seg_83bef8,5.6967316
seg_83cb2c,5.6844893
seg_83dc2e,5.703471
seg_83ef67,5.688898
seg_83f476,5.706522
seg_83f89e,5.6924524
seg_83f928,5.642354
seg_8456d3,5.4847326
seg_845a2a,5.709738
seg_8472f3,5.6896
seg_848695,5.6646194
seg_84a65d,5.70741
seg_84b9d9,5.657956
seg_84c7fb,5.6883955
seg_84fc12,5.694379
seg_8509db,5.400791
seg_850d95,5.5827303
seg_8515fd,5.70024
seg_853302,5.7075844
seg_854d91,5.693816
seg_857304,5.7077837
seg_85762d,5.693619
seg_8599ec,5.5461063
seg_85c1c0,5.6862116
seg_85e90e,5.6678658
seg_85e9c6,5.569957
seg_85fb0a,5.6798964
seg_864fcf,5.7137184
seg_8658b3,5.7065763
seg_86720f,5.42078
seg_8681aa,5.7089014
seg_86892f,5.61339
seg_868c85,5.6952343
seg_86cfe9,5.706032
seg_86d847,5.557206
seg_86e874,5.6315756
seg_87232d,5.3001747
seg_876904,5.707692
seg_8773cf,5.3680954
seg_8777bd,5.6871204
seg_8785e2,5.534767
seg_878d2c,5.612562
seg_87a616,4.5956974
seg_87a67a,4.5057955
seg_87e4e8,5.546918
seg_87f6c8,5.630288
seg_8826f4,5.688443
seg_885f53,5.6903334
seg_8866f0,5.698454
seg_88a81d,5.697625
seg_88b289,5.686612
seg_890181,5.702076
seg_89791c,5.555888
seg_89885a,5.704727
seg_899bf0,5.6701097
seg_89b090,5.6643753
seg_89d8a0,5.673197
seg_89e207,5.6903667
seg_89eed6,5.6881704
seg_89f975,5.5797195
seg_8a3306,5.7070837
seg_8a41bf,5.6845074
seg_8a6b0e,5.6737633
seg_8a7201,5.0724125
seg_8a8220,5.701541
seg_8a8375,5.6917067
seg_8ab3a7,5.68295
seg_8ae847,5.7030783
seg_8aeb99,5.7046757
seg_8b39c4,5.695635
seg_8b798b,5.684119
seg_8baeab,5.6994534
seg_8bc20c,5.716242
seg_8bde47,5.6894093
seg_8be2da,5.5427065
seg_8be76c,5.32537
seg_8bec6f,5.472678
seg_8bf229,5.632823
seg_8c0114,5.65923
seg_8c1760,5.7031746
seg_8c1cca,5.7039213
seg_8c1e7d,4.9271727
seg_8c341c,5.709152
seg_8c6d4e,5.609606
seg_8c6e34,5.453203
seg_8cd159,5.3708363
seg_8cdf83,5.6980114
seg_8ce632,5.5467806
seg_8cf573,5.68978
seg_8d030a,5.6913433
seg_8d135f,5.7087984
seg_8d3a9d,5.7042456
seg_8d4435,5.3428745
seg_8d4965,5.683256
seg_8d5113,5.6814165
seg_8d6578,5.699893
seg_8d6a7d,5.6964064
seg_8da61a,5.5236216
seg_8db6f0,5.69491
seg_8dcf3c,5.640544
seg_8dd2ab,5.7023687
seg_8dd3ba,5.695739
seg_8dfc7e,5.68941
seg_8dfd7a,5.7143927
seg_8e5704,5.684581
seg_8e6a3f,5.705385
seg_8e7194,5.69102
seg_8e7fca,5.686805
seg_8ebdea,5.697835
seg_8f1127,5.659109
seg_8f25b0,5.463477
seg_8f3247,5.6347704
seg_8f3dfe,5.687605
seg_8f4654,5.53154
seg_8f4781,5.6892214
seg_8f5589,5.7015476
seg_8f592b,5.6987953
seg_8f6284,5.5449514
seg_8fb0d0,5.410184
seg_8fb29e,5.685791
seg_8fb828,5.692459
seg_8fc754,5.6958237
seg_8fd465,5.3348856
seg_902074,5.7038765
seg_902bc1,5.6954765
seg_903aba,5.6916943
seg_907c52,5.705042
seg_90a0be,5.7120247
seg_90b174,5.6899366
seg_90bf60,5.593972
seg_90c258,5.574217
seg_90e904,5.317362
seg_90ec68,5.6944056
seg_90ef18,5.6989546
seg_911066,5.688612
seg_9122aa,5.6665487
seg_913ffc,5.7006607
seg_914a62,5.6939745
seg_91596c,5.7018013
seg_915b3e,5.709714
seg_91607c,5.7020826
seg_919a6a,5.7048397
seg_919c5c,5.6918135
seg_91bf8c,5.715391
seg_91cff2,5.6891127
seg_91eaeb,5.7093
seg_91f512,5.6833544
seg_91f664,5.126872
seg_91fc29,5.7017136
seg_920132,5.574395
seg_92092a,5.574194
seg_922914,5.5958786
seg_922990,5.67383
seg_92310f,5.655155
seg_929ded,5.3803034
seg_92a5f1,5.548271
seg_92af10,5.6923018
seg_92b095,5.669075
seg_92bd37,5.6925993
seg_92be9f,5.5193377
seg_931244,5.6704245
seg_93211c,5.6165724
seg_932828,5.7075005
seg_934087,5.6992683
seg_939f5c,5.7017126
seg_93d864,5.6934586
seg_93f935,5.69627
seg_941759,5.69232
seg_943de0,5.6963015
seg_944c98,5.6978865
seg_945bc8,5.5748396
seg_946d71,5.6949034
seg_946d9a,5.580824
seg_947700,5.702384
seg_9485c0,5.707032
seg_94a133,5.502413
seg_94aa0a,5.6420736
seg_94c48c,5.7137938
seg_94d150,5.6926975
seg_94d573,5.6726236
seg_94ecad,5.104705
seg_950048,5.3907566
seg_952faa,5.6940584
seg_95357d,5.711817
seg_95644e,5.5296154
seg_957ece,5.686064
seg_95b321,5.408971
seg_95f45e,5.6913137
seg_961d02,5.6882296
seg_961ddf,5.6545753
seg_9626a4,5.6679544
seg_96642e,5.528201
seg_966f3d,5.6854258
seg_967ae4,5.6965723
seg_96cd5d,5.679364
seg_96dab2,5.7045717
seg_96db5e,5.6433754
seg_96fa35,5.708641
seg_970b35,5.627097
seg_970e86,5.6965637
seg_974049,5.6862917
seg_9757ac,5.7202845
seg_979a8f,5.620573
seg_97a161,5.684943
seg_97ad82,5.7018595
seg_97d9ed,5.6596813
seg_97e4a9,5.6966333
seg_9802c3,5.618864
seg_9825e0,5.661728
seg_983778,5.6760683
seg_986976,5.5608253
seg_986b6e,5.7041826
seg_9872f9,5.3566484
seg_988e69,5.691457
seg_98a819,5.6490746
seg_98be13,5.6958675
seg_98c0b6,5.704276
seg_98c44d,5.6937656
seg_98c544,5.060439
seg_98ebaa,5.696086
seg_98f624,5.6955624
seg_9940e8,5.633816
seg_996c37,5.696192
seg_99ccbd,5.6102953
seg_99f677,5.6945686
seg_99f76c,5.6898413
seg_9a1a4f,5.7039576
seg_9a1c76,5.677656
seg_9a43ef,5.382535
seg_9a6025,5.4389763
seg_9a74d8,5.708825
seg_9a7c46,5.31454
seg_9a7d1d,5.436515
seg_9a812d,5.69065
seg_9a81a3,5.5198545
seg_9a8a1f,5.704935
seg_9a9041,5.700385
seg_9a92db,5.701935
seg_9aa6e2,5.7195854
seg_9ab405,5.5828896
seg_9ad261,5.6916437
seg_9ad925,5.644743
seg_9ae1a1,5.5466394
seg_9b0439,5.710327
seg_9b44d2,5.6856766
seg_9b7ef8,5.697259
seg_9b7f93,5.674652
seg_9bab11,5.703964
seg_9bd388,4.804837
seg_9bee43,5.694335
seg_9c00d7,4.853565
seg_9c090f,5.6595325
seg_9c2843,5.5543633
seg_9c3d6a,5.6893377
seg_9c3ef8,5.5345507
seg_9c635d,5.668235
seg_9c6715,5.336047
seg_9c8162,5.7055655
seg_9c8bc8,5.7069063
seg_9ca72e,5.696684
seg_9caf50,5.659912
seg_9cb464,5.6970177
seg_9d1b26,5.5799026
seg_9d1dbe,5.7011614
seg_9d2528,5.6562557
seg_9d3013,5.6892414
seg_9d452d,5.0698586
seg_9d57a1,5.692976
seg_9d68cf,5.6935663
seg_9d6ff0,5.6739445
seg_9d7490,5.690345
seg_9d79d4,5.266838
seg_9dcae1,5.7068663
seg_9ddc99,5.701315
seg_9dea8d,5.6606617
seg_9df32d,5.70078
seg_9e25e9,5.6464815
seg_9e3837,5.71649
seg_9e61da,5.130868
seg_9e7dff,4.977208
seg_9e8323,5.6984854
seg_9e8ca4,5.5976887
seg_9e962b,5.6130314
seg_9ee0aa,5.685357
seg_9f042e,5.682193
seg_9f12c6,5.602125
seg_9f22a0,5.6909056
seg_9f4fd4,5.658043
seg_9f57c4,5.708746
seg_9f6315,5.68748
seg_9f7542,5.6907215
seg_9fc7c2,5.687887
seg_9fd9b8,5.6845922
seg_9fe8b9,5.401087
seg_a00985,5.6900206
seg_a009e6,5.694071
seg_a03e6a,5.7029276
seg_a05c22,5.7019615
seg_a06228,5.684169
seg_a0646a,5.3891153
seg_a0979e,5.684988
seg_a0a423,5.096463
seg_a11dd5,5.3453827
seg_a12acb,5.6637497
seg_a133bc,5.686307
seg_a14212,5.3296633
seg_a16a1b,5.678669
seg_a173d8,5.5845175
seg_a18246,5.697912
seg_a1a511,5.683655
seg_a1acb2,5.6956043
seg_a1b3cc,5.693326
seg_a1d8da,5.651739
seg_a1e5b0,5.708582
seg_a1edc1,5.666235
seg_a247ac,5.684844
seg_a25c46,5.703596
seg_a2986f,5.5058365
seg_a2c108,5.6961155
seg_a2d47d,5.6872234
seg_a2e2c8,5.667384
seg_a2fd8b,5.700472
seg_a31d6e,5.703102
seg_a31fe3,5.5873766
seg_a35c82,5.5943346
seg_a35e7c,5.700345
seg_a39ebc,4.4747925
seg_a39f3b,5.687867
seg_a39fa8,5.6805124
seg_a3ab46,5.695016
seg_a3d4d6,5.604212
seg_a41c2c,5.6985703
seg_a4208a,5.2085037
seg_a420d4,5.471286
seg_a436bc,5.6578217
seg_a437cb,5.7192383
seg_a45455,5.6978674
seg_a47cce,5.70467
seg_a489e1,5.6850605
seg_a49ccc,5.5864334
seg_a4ad7c,5.663623
seg_a4e745,5.4822674
seg_a50d28,5.68917
seg_a5271e,5.577709
seg_a53e4c,5.6007004
seg_a543e5,5.69125
seg_a55540,5.675867
seg_a55a17,5.7108526
seg_a56c04,5.686125
seg_a58a6e,5.6972523
seg_a5934a,5.6959543
seg_a5d37f,5.6856327
seg_a5dea6,5.6883554
seg_a5f4dd,5.4015245
seg_a5fbcc,5.7007666
seg_a61e1c,5.69598
seg_a63573,5.3420153
seg_a674d2,5.6853476
seg_a68007,5.5867453
seg_a68ffb,5.584099
seg_a69246,5.5903397
seg_a6959c,5.688648
seg_a6bf91,5.66722
seg_a6c5cc,5.676609
seg_a6cd86,5.696888
seg_a6e801,5.665126
seg_a6e99c,5.22064
seg_a6eed3,5.6412277
seg_a704ee,5.6512575
seg_a7561c,5.692034
seg_a7b454,5.68678
seg_a7d0eb,5.3503284
seg_a7e49b,5.6863203
seg_a80123,5.7147045
seg_a802fa,5.6920843
seg_a80f6f,5.7036467
seg_a82229,5.7071714
seg_a84c13,5.544218
seg_a86231,5.7054043
seg_a8685e,5.6914425
seg_a86a05,5.604992
seg_a87e79,4.465478
seg_a88097,5.7067757
seg_a88dde,5.6997824
seg_a8bb2f,5.5376053
seg_a8ddf7,5.6891747
seg_a8e6df,5.695816
seg_a8e71a,5.5697384
seg_a9089b,5.70175
seg_a91c03,5.6989326
seg_a93a88,5.692711
seg_a96b47,5.6963015
seg_a975df,5.359782
seg_a99161,5.6948195
seg_a99799,5.6551533
seg_a99be9,5.6983557
seg_a9a820,5.3563957
seg_a9b957,5.7005796
seg_a9f80e,5.420457
seg_aa0180,5.6491547
seg_aa1adf,4.974209
seg_aa508a,5.6280518
seg_aa78e0,5.653555
seg_aa7a4b,5.6638823
seg_aa98cc,5.4401073
seg_aa9b8e,5.6958323
seg_aaa2ae,5.6401577
seg_aabc52,5.5670357
seg_aae025,5.6961765
seg_ab001b,5.6754675
seg_ab15ad,5.6913643
seg_ab2a78,5.5262156
seg_ab3f14,5.7042
seg_ab4bca,5.5882607
seg_ab644e,5.7189417
seg_ab70bd,5.6977777
seg_ab9654,5.699891
seg_aba501,5.4460936
seg_abaad2,5.7005377
seg_abb03a,5.709879
seg_abb06a,5.655387
seg_abc5fd,5.5839415
seg_abda04,5.6939526
seg_abeca6,5.7047834
seg_ac45ae,5.648959
seg_ac5c61,5.6923904
seg_ac68bb,5.6762333
seg_ac9de5,5.5875664
seg_acd715,5.67474
seg_acf2f4,5.6740627
seg_ad3a44,5.6919575
seg_ad3cf0,5.685087
seg_ad591c,5.685212
seg_ad759c,5.3599424
seg_ad82ca,5.716423
seg_ad949a,5.698715
seg_ada42c,5.6950693
seg_ada81a,5.6965504
seg_ade769,5.69153
seg_adf94a,5.704482
seg_adf986,5.7017775
seg_ae32a6,5.6865215
seg_ae3388,5.6902313
seg_ae3d92,5.70957
seg_ae42b3,5.6967764
seg_ae9626,5.6082077
seg_ae9761,5.6814976
seg_aec276,5.6851187
seg_aed434,5.6047697
seg_aee7c0,5.6869183
seg_aee9bf,5.5763035
seg_aeeb31,5.5652533
seg_af1650,5.5526333
seg_af2472,5.3569174
seg_af6204,5.6987867
seg_af703b,5.7123404
seg_af959f,5.598851
seg_afa4a1,5.6897993
seg_afadfb,5.6641893
seg_afca81,5.331231
seg_afd665,5.692487
seg_b00f05,5.698491
seg_b02e31,5.6959877
seg_b03de5,5.5777216
seg_b08e9d,5.6998053
seg_b0a794,5.572604
seg_b0bf65,5.687747
seg_b0cf32,5.65687
seg_b0d251,5.6994114
seg_b0f9cd,5.424877
seg_b108c9,5.7002106
seg_b13220,5.3840027
seg_b13fb9,5.6814775
seg_b197e2,5.6321106
seg_b1a35c,5.699216
seg_b1b95e,5.676817
seg_b1fea8,5.6955147
seg_b20487,5.53868
seg_b21273,5.7055826
seg_b23489,5.667095
seg_b253ee,5.6923733
seg_b25dde,5.545471
seg_b26368,5.69565
seg_b284b2,5.7110605
seg_b291c0,5.6221886
seg_b2b29d,5.5916395
seg_b2b331,5.620452
seg_b2e045,5.0563536
seg_b31961,5.7091837
seg_b32d1d,5.692518
seg_b35174,5.69184
seg_b36650,5.4524574
seg_b36c8a,5.3700857
seg_b378bc,5.5569086
seg_b3883e,5.6843805
seg_b3cf21,5.697982
seg_b3d886,5.554578
seg_b402ac,5.693244
seg_b41d3c,5.679126
seg_b42170,5.5546093
seg_b4402d,5.701109
seg_b44c2e,5.7121277
seg_b47c19,5.399184
seg_b4c040,5.6816626
seg_b4cb44,5.675186
seg_b4f7a8,5.7148542
seg_b50239,4.2757626
seg_b51380,5.704199
seg_b51b7c,5.5817547
seg_b52710,5.5790806
seg_b52add,5.688039
seg_b52dac,5.696809
seg_b54024,5.688177
seg_b568c6,5.7158756
seg_b57e76,5.6688213
seg_b5804a,5.6978617
seg_b58542,5.7040005
seg_b5a447,5.685546
seg_b5aee9,5.68929
seg_b6254c,5.5407944
seg_b63de1,5.7021875
seg_b64c9c,5.6878395
seg_b66b87,5.6644354
seg_b686e5,5.6913214
seg_b687fc,5.484866
seg_b691c5,5.0742598
seg_b69455,5.6915197
seg_b695b3,5.714016
seg_b6bdaa,5.637725
seg_b6c10d,5.6840963
seg_b6cb2b,5.712308
seg_b72413,5.692896
seg_b735a5,5.691927
seg_b77bf5,5.265622
seg_b782c7,5.1736774
seg_b78883,5.567686
seg_b7a8a1,5.361291
seg_b7b098,5.7095547
seg_b7da0a,5.692422
seg_b7eeb6,5.617775
seg_b80358,5.715103
seg_b80366,5.311139
seg_b80b89,5.693904
seg_b8141c,5.6850185
seg_b853c1,5.644717
seg_b853f8,5.6879835
seg_b86ce1,5.2759924
seg_b8725b,5.71622
seg_b8745c,5.69302
seg_b87cf5,5.70525
seg_b88baa,5.701147
seg_b89218,5.6995125
seg_b89e47,5.5479956
seg_b8b72f,5.7042046
seg_b8bb87,5.6797953
seg_b8fd73,5.696928
seg_b91011,5.688596
seg_b917b5,5.6892967
seg_b91ae2,5.71817
seg_b9361a,5.627308
seg_b9365c,5.7074947
seg_b947ae,5.465045
seg_b95010,5.7001543
seg_b95a77,5.701291
seg_b9619c,5.6653214
seg_b9ad7f,5.612876
seg_b9bdd7,5.7108984
seg_b9d8a0,5.6980553
seg_b9de03,5.706847
seg_b9ec4b,5.6908503
seg_ba0485,5.6219635
seg_ba1d68,5.0164375
seg_ba2c48,5.7026043
seg_ba3c47,5.71257
seg_ba3e74,5.6730185
seg_ba4ea3,5.7071095
seg_ba5e7e,5.6996803
seg_ba83da,5.6961823
seg_ba941e,5.705886
seg_ba98dc,5.690588
seg_ba9dbf,5.6614227
seg_baa745,5.69843
seg_bb171f,5.650956
seg_bb180c,5.694502
seg_bb2d77,5.6910057
seg_bb5e15,5.71751
seg_bb6904,5.687603
seg_bb6fcb,5.7082767
seg_bb92b1,5.3860264
seg_bbb01e,5.645337
seg_bbbc30,5.673686
seg_bbf805,5.7219086
seg_bbfd4e,5.702362
seg_bc07c8,5.684638
seg_bc1d67,5.689599
seg_bc2186,5.713088
seg_bc437b,5.655843
seg_bca500,5.7077274
seg_bcc8f1,5.6593
seg_bce23c,5.6812754
seg_bce305,5.6988325
seg_bcf2d9,5.5590363
seg_bcf6af,5.2079754
seg_bcfad6,5.708417
seg_bd00c4,5.6316795
seg_bd2b0c,5.6942787
seg_bd31bf,5.557004
seg_bd40f2,5.468091
seg_bd4d30,5.687092
seg_bd5022,5.687372
seg_bd629b,5.3141956
seg_bd6f5f,5.704859
seg_bd7109,5.6998043
seg_bdae02,5.6847286
seg_bdf84b,5.5776777
seg_be0cdc,4.725356
seg_be0dfa,5.6978083
seg_be19e2,5.686695
seg_be30ce,5.6917315
seg_be4612,5.7009983
seg_be62ef,5.6286163
seg_be65f2,5.703518
seg_be811d,5.53992
seg_beb650,5.6838293
seg_beda44,5.7067757
seg_bee792,5.618641
seg_bf1294,5.700284
seg_bf1430,5.6892214
seg_bf1a72,5.7035656
seg_bf2d1f,5.6925154
seg_bf4bf2,5.6602592
seg_bf4ec0,5.6968927
seg_bf58ce,5.7139854
seg_bf7224,5.63023
seg_bfdd14,5.6904755
seg_bfe0b6,5.6998816
seg_bff05e,5.69376
seg_bff392,5.7040176
seg_c01a57,5.568694
seg_c01d9a,5.6905537
seg_c01f63,5.710989
seg_c0260d,5.705909
seg_c047b7,5.6977615
seg_c05a7d,5.568982
seg_c07b7c,5.6870365
seg_c08d36,5.363597
seg_c09a41,5.6572647
seg_c0c0ed,5.695405
seg_c0d7da,5.6887646
seg_c0e1b9,5.700759
seg_c0ea9f,5.6919355
seg_c106ca,5.6864405
seg_c10a58,5.6868696
seg_c11828,5.567621
seg_c11a4f,5.685816
seg_c12d7d,5.690978
seg_c146a8,5.6863956
seg_c15d21,5.688325
seg_c17817,5.695672
seg_c179f8,5.6842804
seg_c183e4,5.6895676
seg_c186dc,5.690593
seg_c18d5a,5.342779
seg_c1fe9a,5.670388
seg_c20a27,5.721101
seg_c20c06,5.67284
seg_c21723,5.7060184
seg_c21d60,5.312582
seg_c22bd4,5.7029686
seg_c23429,5.6809225
seg_c23641,5.6752386
seg_c243a6,4.889144
seg_c24946,5.5601883
seg_c25855,5.577114
seg_c267a5,5.717969
seg_c26fb4,5.582733
seg_c27591,5.7045307
seg_c2a0c8,5.3206806
seg_c2b8f7,5.65555
seg_c3507f,5.144515
seg_c35940,5.6242857
seg_c365de,5.6285143
seg_c3836b,5.7156553
seg_c3f672,5.6773853
seg_c3f8d7,5.659254
seg_c41d1d,5.517603
seg_c42490,5.630599
seg_c42952,5.5704184
seg_c44bbc,5.7008877
seg_c46ce6,5.640462
seg_c472cf,5.6394043
seg_c47bdc,5.1721277
seg_c4af54,5.6205025
seg_c5064e,5.688279
seg_c509ff,5.5407944
seg_c522f8,5.689209
seg_c5256d,5.7031727
seg_c52ae6,5.7002096
seg_c5325c,5.6965656
seg_c550b1,5.7180147
seg_c565bd,5.699321
seg_c571ef,5.67233
seg_c588c1,5.6821194
seg_c58ca5,5.700389
seg_c5abaa,5.593178
seg_c5c455,5.7031784
seg_c5c6ea,5.475629
seg_c5dada,5.637517
seg_c5dee4,5.4898977
seg_c5f986,5.711919
seg_c5fc3b,5.650627
seg_c5fc87,5.6857367
seg_c607eb,5.684703
seg_c60dca,5.684948
seg_c60f1d,5.547887
seg_c627fc,5.689475
seg_c62a06,5.6213264
seg_c65135,5.704747
seg_c654e7,5.6962366
seg_c666dd,5.374757
seg_c671f7,5.688161
seg_c6b514,5.5882893
seg_c6c29f,5.679838
seg_c6f0a2,5.365671
seg_c6f533,5.6938753
seg_c6f9c2,5.401163
seg_c703be,5.7040405
seg_c70fde,5.3800344
seg_c714d0,5.68544
seg_c73df6,5.4390993
seg_c747ad,5.6779337
seg_c747b4,5.658594
seg_c7a3bc,5.62951
seg_c7a401,5.6958704
seg_c7a579,5.70335
seg_c7b424,5.528864
seg_c80857,5.695361
seg_c81e10,5.704503
seg_c81fec,5.6889553
seg_c8459f,5.6865005
seg_c87c24,5.681201
seg_c901c0,5.6920395
seg_c90be5,5.693741
seg_c9201c,5.6975107
seg_c9481f,5.7075176
seg_c94941,5.66177
seg_c9831a,5.4342804
seg_c9e533,5.688549
seg_c9f80a,5.692539
seg_ca2d1b,5.4621506
seg_ca407b,5.6882744
seg_ca44a8,5.55453
seg_ca67ee,5.7055264
seg_ca6d70,5.6551447
seg_ca8389,5.597271
seg_ca88e3,5.6838284
seg_ca9e39,5.5524044
seg_caa919,5.714964
seg_cacd0a,5.6983194
seg_cacd58,5.686222
seg_cb0e21,5.7130003
seg_cb806c,5.668477
seg_cbcce9,5.707659
seg_cbfb19,5.688407
seg_cc096e,5.6250486
seg_cc2c46,5.5160685
seg_cc2e9b,5.691184
seg_cc4199,5.5773726
seg_cc4932,5.6957445
seg_cc4950,5.693264
seg_cc667b,5.393755
seg_cc7a19,5.7000446
seg_cc7e39,5.7004375
seg_ccdc28,5.6882286
seg_cd0691,5.0907755
seg_cd2b34,5.692935
seg_cd2b53,5.413352
seg_cd352f,5.539213
seg_cd43b4,5.6909847
seg_cd699e,5.4596376
seg_cd9f9b,5.6927166
seg_cdadb5,5.6971045
seg_cdf88e,5.2698784
seg_ce00bb,5.686178
seg_ce46ba,5.6897984
seg_ce472b,5.685754
seg_ce5520,5.3721523
seg_ce5832,5.4106617
seg_ce72e2,5.6897554
seg_ce7537,5.532243
seg_ce9f59,5.6929483
seg_cea185,5.390835
seg_ceab44,5.699544
seg_ceb942,5.692672
seg_cec2f2,5.6501303
seg_cecd29,5.6797924
seg_ced992,5.697404
seg_cedf3e,5.702286
seg_cee7d0,5.7014837
seg_cf0e43,5.3879004
seg_cf1371,5.6945457
seg_cf25d2,5.6879225
seg_cf3825,5.696764
seg_cf5764,5.694826
seg_cf646e,5.710471
seg_cf74e8,5.6599436
seg_cf9a49,5.7070284
seg_cfed24,5.6953096
seg_cff594,5.673664
seg_d014a3,5.6902475
seg_d0598e,5.3889475
seg_d062a6,5.3197966
seg_d07c62,5.6942053
seg_d07ce8,5.6979046
seg_d098df,5.7165995
seg_d0c280,5.6720905
seg_d0c8e2,5.692569
seg_d0f262,5.683712
seg_d0f803,5.6188135
seg_d1045e,5.5933313
seg_d11ca8,5.685856
seg_d14524,5.4306784
seg_d146a6,5.5914345
seg_d16534,5.4140043
seg_d19980,5.619506
seg_d1a281,5.267461
seg_d1a2b9,5.691536
seg_d1a8b3,5.5686007
seg_d1abaa,5.7049522
seg_d1b91e,5.6064224
seg_d1ca05,5.700288
seg_d1cb37,5.6983643
seg_d1eee8,5.698433
seg_d1fbb8,5.6932936
seg_d21066,5.685275
seg_d21eb6,5.5478973
seg_d24095,5.709116
seg_d247da,5.6094875
seg_d2551a,5.669711
seg_d26f7d,5.7010765
seg_d27193,5.702836
seg_d27812,5.6405077
seg_d29a4b,5.699115
seg_d2a533,5.6921215
seg_d2ad9a,5.4498625
seg_d2cb02,5.6189547
seg_d2db6b,5.5834007
seg_d2f588,5.6843195
seg_d30a9d,5.645108
seg_d31583,5.683175
seg_d320f5,4.455489
seg_d328bb,5.3972216
seg_d32f71,5.7014093
seg_d32f8a,5.695265
seg_d35274,5.7004957
seg_d356ab,5.696906
seg_d35e50,5.677535
seg_d36055,5.696948
seg_d36342,5.69742
seg_d36681,5.6324015
seg_d36737,5.611027
seg_d37b05,5.666094
seg_d39131,5.6963596
seg_d398df,5.6973333
seg_d3992e,4.004472
seg_d3bb14,5.7039814
seg_d3d8fc,5.3323183
seg_d3f6b0,5.556345
seg_d3f967,5.668788
seg_d40bb2,5.6931095
seg_d41daa,5.7089796
seg_d42c77,5.684325
seg_d44589,5.6932755
seg_d47aba,5.705229
seg_d4c763,4.95103
seg_d4dec8,5.636256
seg_d4ea17,5.691848
seg_d508db,5.689434
seg_d516e3,5.6960487
seg_d56ae2,5.3787346
seg_d56d32,5.712594
seg_d59e4e,5.688945
seg_d5b100,5.314389
seg_d5d3a1,5.69394
seg_d5dbc1,5.716604
seg_d5df41,5.6994457
seg_d5f344,5.6948853
seg_d60d18,5.6951447
seg_d62e9c,5.6418715
seg_d63175,5.715558
seg_d661ce,5.7064314
seg_d668c0,5.700206
seg_d68930,5.700123
seg_d693b0,5.683178
seg_d6b198,5.570628
seg_d6b386,5.1633654
seg_d6b546,5.69324
seg_d6dad6,5.6518984
seg_d6ea73,5.711541
seg_d702b2,5.007922
seg_d71352,5.697792
seg_d740b2,5.6895475
seg_d753f8,5.6195374
seg_d78093,5.4529915
seg_d78e7d,5.4249296
seg_d795ab,5.6875467
seg_d7967e,5.7132998
seg_d7a805,5.6885443
seg_d7ab50,5.696949
seg_d7f015,5.6924343
seg_d7f53a,5.6879177
seg_d8014d,5.632844
seg_d83890,5.714813
seg_d85e2e,5.7072935
seg_d86eb6,5.6268625
seg_d88da7,5.6836767
seg_d89369,5.55373
seg_d90c5f,5.685443
seg_d91492,5.1454563
seg_d9190c,5.4829473
seg_d9352b,5.7135897
seg_d962cc,5.601947
seg_d9750c,5.693699
seg_d9a2bb,5.707408
seg_d9b162,5.5599174
seg_d9bb68,5.369541
seg_d9ce67,5.657918
seg_d9d0e4,5.6063385
seg_d9dab4,5.708626
seg_da21ee,5.6934996
seg_da7c3b,5.706465
seg_da80c4,5.3202524
seg_da8b88,5.68188
seg_dab0f9,5.4827595
seg_dad4f2,5.6015167
seg_db3446,5.6857233
seg_db3a95,5.685808
seg_db3fbe,5.6977615
seg_db4185,5.651431
seg_db606c,5.4454737
seg_db694a,5.5169525
seg_db6d5f,5.6830235
seg_db90c0,5.6830196
seg_dbbb44,5.6354017
seg_dbc615,4.7816668
seg_dbf3f2,5.423852
seg_dc188b,5.6857443
seg_dc1cf0,5.692918
seg_dc23c0,5.6998997
seg_dc4698,5.5078
seg_dc5e63,5.6959286
seg_dc6e94,5.5285807
seg_dc73b8,5.2934074
seg_dc7e0d,4.963166
seg_dca2c2,5.6996136
seg_dcb51d,5.715478
seg_dcbe02,5.6946774
seg_dcd9df,4.8329926
seg_dcee28,5.4218693
seg_dceeca,5.691905
seg_dcf242,5.713767
seg_dcfb4b,5.710639
seg_dd0b11,5.5937357
seg_dd4594,5.697942
seg_dd699c,5.7126455
seg_dd780d,5.6935215
seg_dd8805,5.7090607
seg_ddbadc,5.6998386
seg_ddc800,5.6859083
seg_ddd206,5.4181395
seg_ddddf0,5.685833
seg_de225c,5.690922
seg_de3237,5.6826363
seg_de3d5e,5.4079466
seg_de4e1d,5.6326494
seg_de8180,5.6976614
seg_de98fa,5.6872616
seg_de9e32,5.694805
seg_df0df7,5.7026997
seg_df352f,5.590955
seg_df45b0,5.701333
seg_df8385,5.4818745
seg_df8e0a,5.7034454
seg_df99d4,5.6914873
seg_dff078,5.6873665
seg_e00465,5.699649
seg_e051bc,5.6938105
seg_e05de2,5.6123915
seg_e067ab,3.9590247
seg_e09301,5.556486
seg_e0c329,5.608903
seg_e0ce38,5.666875
seg_e0cfd4,5.678385
seg_e0f296,5.703726
seg_e10d3b,5.6861954
seg_e13bd8,5.682044
seg_e14149,5.3597555
seg_e1468f,5.7018776
seg_e15cb9,5.4417553
seg_e197b8,5.698182
seg_e1a9e0,5.5638313
seg_e1daa0,5.4112043
seg_e1f045,5.687578
seg_e1f081,5.7020435
seg_e20d76,5.7007685
seg_e217fc,5.686097
seg_e2209b,5.684251
seg_e24496,5.690222
seg_e24f69,5.6968966
seg_e256bd,5.562949
seg_e25aca,5.6521435
seg_e266f4,5.7193184
seg_e27c0a,4.992049
seg_e29670,5.68752
seg_e2b8b1,5.679654
seg_e2c82c,5.6140213
seg_e3005e,5.6897087
seg_e30e44,5.689678
seg_e30ef5,5.6986036
seg_e34052,5.6847
seg_e37b8e,5.704479
seg_e3b1f1,5.698948
seg_e3ca24,5.4031496
seg_e3cf1a,5.5807686
seg_e3d751,5.7070312
seg_e3dafa,5.685281
seg_e3e762,5.6978035
seg_e40348,5.6900682
seg_e405fe,5.6966295
seg_e40d64,5.704008
seg_e41fc9,5.7071915
seg_e47d2b,5.4522743
seg_e481c7,5.6921825
seg_e48c23,5.68097
seg_e49750,5.389349
seg_e4c15a,5.687379
seg_e4f203,5.427598
seg_e4f403,5.707567
seg_e50f16,5.6805153
seg_e52f8c,5.6854143
seg_e53a52,5.708723
seg_e54932,5.688387
seg_e5750a,5.548854
seg_e59dca,5.712017
seg_e5b510,5.6990337
seg_e5c033,5.6964884
seg_e5deec,5.686692
seg_e5e238,5.707918
seg_e5f9ec,5.687252
seg_e5fbc1,5.437151
seg_e60719,5.713867
seg_e6307f,5.6304502
seg_e64dfa,5.7125025
seg_e65e69,5.7038956
seg_e66697,5.595747
seg_e6b236,5.694824
seg_e6bd3f,5.6721334
seg_e6c973,5.6771116
seg_e6e1df,5.695593
seg_e6e24e,5.6946096
seg_e71dda,5.716076
seg_e72f10,5.691387
seg_e742dc,5.630665
seg_e76e6e,5.3083334
seg_e7ac12,5.657752
seg_e7ced6,5.6911583
seg_e7d1f8,5.5626287
seg_e7d3e7,5.706665
seg_e80726,5.3968096
seg_e81b50,5.703697
seg_e8385f,5.707159
seg_e85f55,5.718276
seg_e86e44,5.701083
seg_e86ed1,5.6459913
seg_e86f77,5.6722527
seg_e877a5,5.617036
seg_e8a2c4,5.5308733
seg_e8a4f4,4.910737
seg_e8ac98,5.571002
seg_e8ad6b,5.6832933
seg_e8b2b3,5.5617714
seg_e8bcde,5.545088
seg_e8ce6a,5.6864357
seg_e8d02f,5.703474
seg_e90c0d,5.697953
seg_e92526,5.6911745
seg_e9272e,5.681616
seg_e96140,5.700407
seg_e98217,5.7157106
seg_e9a09f,5.6862383
seg_e9aa44,5.2972336
seg_e9df42,5.6954956
seg_e9e65b,5.435033
seg_ea0091,5.708523
seg_ea05c1,5.702471
seg_ea096b,5.707073
seg_ea098b,5.6862392
seg_ea4d3a,5.6571913
seg_ea78c0,5.3002415
seg_ea8270,5.705655
seg_ea9d37,5.6957073
seg_ea9fa4,5.6731796
seg_eaa0ec,5.694784
seg_eabb2c,5.680049
seg_eacccf,5.7041464
seg_ead30e,5.699505
seg_eb0b19,5.690795
seg_eb1d6e,5.682124
seg_eb2e11,5.6938133
seg_eb32bc,5.6803856
seg_eb47a9,5.7098217
seg_eb692c,5.690177
seg_eb7595,5.5558863
seg_eb7f91,5.5355406
seg_eba22d,5.7081347
seg_ebb79f,5.521353
seg_ebd77b,5.6937447
seg_ebe36c,5.712495
seg_ebec3e,5.2809677
seg_ec0e7b,5.7085695
seg_ec4645,5.672785
seg_ec73d5,5.658309
seg_ec973c,5.6897497
seg_eca2eb,5.681525
seg_ecaef0,5.704708
seg_eccb17,5.662265
seg_ecdca4,5.7044067
seg_ecf28d,5.5613155
seg_ecf81b,5.704977
seg_ed07b0,5.6927366
seg_ed3e4c,5.581766
seg_ed52ac,5.6971893
seg_ed7741,5.707608
seg_ed7dee,5.6962767
seg_ed7f69,5.2565165
seg_edda79,5.679899
seg_edecaa,5.5073786
seg_ee1cfc,5.680705
seg_ee2781,5.69619
seg_ee4479,5.688594
seg_ee4ae5,5.700822
seg_ee7224,5.1454296
seg_ee87e2,5.645361
seg_ee8f87,5.6836157
seg_eea20e,5.6922045
seg_eebbc2,5.6645565
seg_eee89d,5.425885
seg_eefd4a,5.4988174
seg_ef24bd,5.680558
seg_ef27c8,5.6931686
seg_ef47c4,5.704919
seg_ef644a,5.6930294
seg_ef660a,5.4583054
seg_ef74dc,5.71665
seg_ef779d,5.5944595
seg_ef9105,5.68565
seg_efb639,5.677083
seg_efbf3e,5.6233034
seg_efc5fb,5.670451
seg_efd9ec,5.6977243
seg_f003ca,5.7172995
seg_f01368,5.651026
seg_f0181d,5.695222
seg_f02d32,5.684909
seg_f056d8,5.683653
seg_f0574b,5.692363
seg_f073e2,5.6798
seg_f0ce4a,5.653305
seg_f0cedb,5.687495
seg_f0d278,5.6049623
seg_f0db55,5.0540133
seg_f11620,5.700699
seg_f11f77,5.6926975
seg_f165f6,5.6454077
seg_f19f8e,5.5968876
seg_f1a771,5.1625004
seg_f1b916,5.5839834
seg_f1f5b9,5.638139
seg_f21a22,5.6527863
seg_f21bf4,5.6976194
seg_f22163,5.3752737
seg_f229bf,5.7009583
seg_f24292,5.6904354
seg_f2750c,5.487131
seg_f2a20d,5.400899
seg_f2ae5e,5.597721
seg_f2b0c5,5.237137
seg_f2cb5e,5.6982746
seg_f2f5a3,5.676793
seg_f3063a,5.664653
seg_f30b2f,5.692813
seg_f30f0c,5.6885176
seg_f322b1,5.3441544
seg_f342a3,5.5929146
seg_f34877,5.700042
seg_f383fb,5.704561
seg_f3c578,5.6950808
seg_f43730,5.686492
seg_f43ab6,5.658329
seg_f455bc,5.6836615
seg_f46cc1,5.5418625
seg_f48363,5.6594095
seg_f48db9,5.698372
seg_f4ad4b,5.704273
seg_f4d644,5.4404917
seg_f52cdc,5.684456
seg_f5406b,5.6705465
seg_f579ba,5.6097975
seg_f57ca1,5.6940584
seg_f59974,5.4011345
seg_f5a4ee,5.6920967
seg_f5a6ab,5.695916
seg_f5d2dd,5.6915092
seg_f5e682,4.873783
seg_f60872,5.6733427
seg_f618a8,5.5439377
seg_f61b0e,5.698951
seg_f639cd,5.6831236
seg_f639ec,5.6831627
seg_f650cc,5.6911516
seg_f6659e,4.396847
seg_f66db1,5.6984224
seg_f679c6,5.6751537
seg_f67ce2,5.6879454
seg_f6828d,5.6073275
seg_f69c38,5.595974
seg_f6a217,5.7039223
seg_f6abc5,5.701049
seg_f6b70c,5.6977386
seg_f6bae8,5.4007473
seg_f6c0cb,5.344821
seg_f6c928,5.6891804
seg_f6cfd4,5.569316
seg_f6d51b,5.6320505
seg_f6e1ca,5.688243
seg_f6e89f,5.695858
seg_f6f523,5.6356525
seg_f6f683,5.7057867
seg_f7050a,5.712125
seg_f70b66,5.685834
seg_f71db8,5.5777225
seg_f7290f,5.378316
seg_f734c8,5.684333
seg_f741af,5.6892557
seg_f77ee5,5.6983967
seg_f7d792,5.581318
seg_f7de40,5.6955395
seg_f80e44,5.696294
seg_f83d28,5.433075
seg_f865be,5.609766
seg_f86c41,5.6900597
seg_f88d4a,5.6997156
seg_f8db0a,5.0723686
seg_f8dd7e,5.6609898
seg_f931de,5.6904087
seg_f93ce5,5.6997595
seg_f95fd3,5.4591846
seg_f96d0e,5.022333
seg_f96d5a,5.4314995
seg_f97274,5.376708
seg_f99b64,5.6098614
seg_f9e4f2,5.6735115
seg_f9eea3,5.4608507
seg_fa0ac7,5.590639
seg_fa34c7,5.700697
seg_fa488e,5.7136393
seg_fa4df0,5.3667784
seg_fa6383,5.7027254
seg_fa796b,5.687707
seg_fa9f00,5.6880884
seg_fad815,5.6613207
seg_fb00b3,5.6660366
seg_fb11ba,5.2699986
seg_fb1f5c,5.707574
seg_fb4c26,5.619133
seg_fb74f0,5.691347
seg_fb76ca,5.689601
seg_fb8af5,5.184952
seg_fb9491,5.641389
seg_fb9b2e,5.6862555
seg_fbce13,5.6959267
seg_fbd66b,5.694067
seg_fbddb9,5.6840277
seg_fbe3c2,5.702759
seg_fbf17a,5.6719704
seg_fbff25,5.42488
seg_fc407c,5.6986647
seg_fc57d4,5.282419
seg_fc8fd6,5.702816
seg_fcb7d0,5.700001
seg_fcca66,5.684597
seg_fcd32e,5.6068163
seg_fd19b8,5.683831
seg_fd374e,5.695903
seg_fd6340,4.756544
seg_fd8add,5.697541
seg_fd9ac1,5.7020493
seg_fdba93,5.6919203
seg_fdc1d4,5.7145166
seg_fdd50e,5.7148123
seg_fde767,5.3940115
seg_fde86d,5.6916933
seg_fdff11,5.6777267
seg_fe2aac,5.0548735
seg_fe5945,5.706712
seg_fe70c0,5.62694
seg_fe73b1,5.6939974
seg_fe86f5,5.6311226
seg_fea3e2,5.684019
seg_feb312,5.3958054
seg_fedbd1,5.6951075
seg_ff0f1b,5.668124
seg_ff1a62,5.6947317
seg_ff2f2d,5.6996145
seg_ff4236,5.5365467
seg_ff7478,5.702832
seg_ff79d9,5.6976213
seg_ffbd6a,5.6952114
seg_ffe7cc,5.698205
